Model,CV Accuracy,Test Accuracy,Test ROC-AUC
Logistic Regression,0.7184943917169974,0.756544502617801,0.8194762915782023
Random Forest,0.751960742018982,0.7670157068062827,0.8493418259023354
